Word,Frequency
and,37
the,22
of,20
to,19
in,15
nlp,14
models,11
language,9
as,9
is,9
from,8
text,8
machine,8
analysis,7
a,7
systems,7
learning,7
sentiment,6
translation,5
speech,5
recognition,5
words,5
these,5
techniques,5
word,5
on,5
such,5
enabling,5
have,5
knowledge,4
that,4
applications,4
or,4
into,4
are,4
natural,4
field,3
machines,3
has,3
another,3
their,3
deep,3
one,3
networks,3
this,3
by,3
learn,3
transformer,3
involves,3
neural,3
advancements,3
meaning,3
with,3
understanding,3
generate,3
question-answering,3
human,3
chatbots,3
more,2
semantic,2
embeddings,2
bases,2
resources,2
capturing,2
various,2
spoken,2
determining,2
breakthroughs,2
for,2
tokens,2
interpret,2
information,2
understand,2
queries,2
rule-based,2
approaches,2
user,2
relevant,2
datasets,2
languages,2
corpora,2
large,2
architectures,2
linguistic,2
processing,2
communication,2
due,2
relationships,2
where,2
can,2
crucial,2
vast,2
amounts,2
convert,2
representations,2
its,2
representation,2
data,2
retrieval,1
generative,1
leverage,1
they,1
pre-trained,1
further,1
potential,1
extract,1
analyze,1
concise,1
fascinating,1
answers,1
gained,1
gpt,1
prominence,1
development,1
virtual,1
responses,1
achieved,1
users,1
accurate,1
advent,1
contextual,1
leveraging,1
sequence-to-sequence,1
interaction,1
tasks,1
accuracy,1
fluency,1
translations,1
significantly,1
improved,1
human-computer,1
translate,1
making,1
training,1
results,1
parallel,1
state-of-the-art,1
statistical,1
patterns,1
structures,1
different,1
emerged,1
aim,1
provide,1
assistants,1
fine-tuning,1
interact,1
large-scale,1
transcribe,1
them,1
accurately,1
propel,1
witnessed,1
remarkable,1
recent,1
years,1
availability,1
continue,1
computational,1
acoustic,1
bert,1
however,1
domains,1
diverse,1
general-domain,1
transfer,1
pre-training,1
found,1
translating,1
sentiments,1
decode,1
employed,1
using,1
transcription,1
revolutionized,1
extensively,1
transformers,1
allows,1
analyzing,1
encoder,1
immense,1
utilized,1
written,1
hands-free,1
hidden,1
forward,1
conclusion,1
markov,1
hmms,1
holds,1
recurrent,1
rnns,1
bidirectional,1
convolutional,1
cnns,1
commonly,1
domain,1
tone,1
creation,1
known,1
unstructured,1
structured,1
comprehend,1
tokenization,1
first,1
step,1
divided,1
individual,1
then,1
analyzed,1
syntax,1
also,1
parsing,1
key,1
helps,1
determine,1
grammatical,1
structure,1
sentences,1
identifying,1
subject,1
object,1
verb,1
other,1
elements,1
sense,1
challenges,1
textual,1
rule,1
gap,1
branch,1
artificial,1
intelligence,1
focuses,1
computers,1
it,1
combines,1
principles,1
linguistics,1
computer,1
science,1
bridge,1
between,1
core,1
plays,1
role,1
numerous,1
including,1
much,1
paragraph,1
we,1
will,1
explore,1
fundamental,1
concepts,1
at,1
disambiguation,1
process,1
correct,1
feedback,1
trained,1
labeled,1
classify,1
positive,1
negative,1
neutral,1
categories,1
finds,1
social,1
media,1
monitoring,1
customer,1
brand,1
based,1
reputation,1
management,1
market,1
research,1
most,1
prominent,1
automatic,1
early,1
relied,1
required,1
extensive,1
manual,1
sophisticated,1
simple,1
range,1
piece,1
context,1
task,1
complex,1
presence,1
homonyms,1
polysemous,1
tackle,1
challenge,1
algorithms,1
been,1
developed,1
word2vec,1
glove,1
represent,1
dense,1
vectors,1
high-dimensional,1
space,1
syntactic,1
similarities,1
vital,1
application,1
which,1
emotional,1
expressed,1
seamless,1
